Comparison,Mean_Difference,CI_Lower,CI_Upper,Raw_p_value,FDR_corrected_p,Significant_FDR
Good_SNR_Dominant Freq vs Good_SNR_X Position,0.0140425443009481,-0.00816911253520342,0.0362542011370997,0.189260265710211,0.250514625566628,0
Good_SNR_Dominant Freq vs Good_SNR_Y Position,0.00641236281079721,-0.0209055640279677,0.0337302896495621,0.612356232922434,0.671277107567892,0
Good_SNR_Dominant Freq vs Good_SNR_Z Position,0.0177362712653992,-0.026614869567588,0.0620874120983865,0.393838453440822,0.470541073586601,0
Good_SNR_Dominant Freq vs Good_SNR_Speed,0.0685778068826377,0.0546425055914826,0.0825131081737929,6.79044248893311e-07,9.84614160895301e-06,1
Good_SNR_Dominant Freq vs Good_SNR_tSNE-X,0.0615902011181052,0.0401581453879837,0.0830222568482268,7.80150020506633e-05,0.000429082511278648,1
Good_SNR_Dominant Freq vs Good_SNR_tSNE-Y,0.0697597724228309,0.0485488668623137,0.0909706779833482,2.51735081413765e-05,0.0001867523045837,1
Good_SNR_Dominant Freq vs Good_SNR_IR1,0.102319994157843,0.0552007167568955,0.149439271558791,0.000683103029366225,0.00253580045232025,1
Good_SNR_Dominant Freq vs Good_SNR_IR2,0.108125443890087,0.0781943359278191,0.138056551852356,1.11600279145158e-05,9.78435851971095e-05,1
Good_SNR_Dominant Freq vs Good_SNR_WP1,0.10646763559203,0.0810444570774712,0.13189081410659,2.98706982743949e-06,3.28577681018344e-05,1
Good_SNR_Dominant Freq vs Good_SNR_WP2,0.129901329635052,0.114503974609906,0.145298684660198,3.93047984423562e-09,2.50764614062233e-07,1
Good_SNR_Dominant Freq vs Good_SNR_Shock,0.146259809361104,0.134203963421664,0.158315655300545,1.11005944991503e-10,1.77054482261448e-08,1
Good_SNR_Dominant Freq vs Good_SNR_Sound,0.146259809361104,0.134203963421664,0.158315655300545,1.11005944991503e-10,1.77054482261448e-08,1
Good_SNR_Dominant Freq vs Bad_SNR_Dominant Freq,0.062401939931371,0.0364116344517674,0.0883922454109746,0.000752763544428946,0.00272876784855493,1
Good_SNR_Dominant Freq vs Bad_SNR_X Position,-0.00399340070194243,-0.0269940919880982,0.0190072905842134,0.693679358782276,0.740079315891458,0
Good_SNR_Dominant Freq vs Bad_SNR_Y Position,-0.00443943154616891,-0.0383527446914844,0.0294738815991466,0.765920423642554,0.809035149476738,0
Good_SNR_Dominant Freq vs Bad_SNR_Z Position,0.0277261541084352,-0.00356759671209805,0.0590199049289685,0.0744132235240149,0.109897306963707,0
Good_SNR_Dominant Freq vs Bad_SNR_Speed,0.0468913671005002,0.0258693235571403,0.06791341064386,0.00115496510864227,0.00399358496605341,1
Good_SNR_Dominant Freq vs Bad_SNR_tSNE-X,0.048741505362682,0.0175644974250232,0.0799185133003409,0.00768728954706513,0.0187194302710975,1
Good_SNR_Dominant Freq vs Bad_SNR_tSNE-Y,0.0677383534424499,0.0462982479978789,0.0891784588870209,0.000140718395807082,0.000680138913067563,1
Good_SNR_Dominant Freq vs Bad_SNR_IR1,0.0730040201844103,0.0144453701912322,0.131562670177588,0.0214697727138814,0.0410111227289112,1
Good_SNR_Dominant Freq vs Bad_SNR_IR2,0.117950582989095,0.0874127940097491,0.148488371968441,3.87647638017032e-05,0.000263105524526453,1
Good_SNR_Dominant Freq vs Bad_SNR_WP1,0.11985119427967,0.0857667810935881,0.153935607465751,7.11857203005345e-05,0.000405504370997688,1
Good_SNR_Dominant Freq vs Bad_SNR_WP2,0.118537713250602,0.084062413084012,0.153013013417192,8.21981381675666e-05,0.00043950957202542,1
Good_SNR_Dominant Freq vs Bad_SNR_Shock,0.146259809361104,0.127530826726752,0.164988791995457,3.38612667484131e-07,6.75109005796485e-06,1
Good_SNR_Dominant Freq vs Bad_SNR_Sound,0.146259809361104,0.127530826726752,0.164988791995457,3.38612667484131e-07,6.75109005796485e-06,1
Good_SNR_X Position vs Good_SNR_Y Position,-0.00763018149015093,-0.0384350509679466,0.0231746879876448,0.593137680147784,0.661576643241759,0
Good_SNR_X Position vs Good_SNR_Z Position,0.00369372696445108,-0.0428862531768434,0.0502737071057455,0.863280436564865,0.897024297277498,0
Good_SNR_X Position vs Good_SNR_Speed,0.0545352625816896,0.0346138299311198,0.0744566952322594,0.000115759736068537,0.000568113166244053,1
Good_SNR_X Position vs Good_SNR_tSNE-X,0.0475476568171571,0.0218182209586904,0.0732770926756238,0.00208516737582974,0.00652125875382046,1
Good_SNR_X Position vs Good_SNR_tSNE-Y,0.0557172281218828,0.0301717124396129,0.0812627438041527,0.000661626246618178,0.00251260443656189,1
Good_SNR_X Position vs Good_SNR_IR1,0.0882774498568951,0.039054516588312,0.137500383125478,0.00253467137647838,0.00748666823237596,1
Good_SNR_X Position vs Good_SNR_IR2,0.0940828995891393,0.0609386379345952,0.127227161243683,8.62784844690715e-05,0.00043950957202542,1
Good_SNR_X Position vs Good_SNR_WP1,0.0924250912910822,0.0632873346416924,0.121562847940472,3.42532988528078e-05,0.000247149240314395,1
Good_SNR_X Position vs Good_SNR_WP2,0.115858785334104,0.0948885826992629,0.136828987968945,2.29703872783143e-07,5.23396681555876e-06,1
Good_SNR_X Position vs Good_SNR_Shock,0.132217265060156,0.113562124264884,0.150872405855428,2.13060947347986e-08,9.60712874152801e-07,1
Good_SNR_X Position vs Good_SNR_Sound,0.132217265060156,0.113562124264884,0.150872405855428,2.13060947347986e-08,9.60712874152801e-07,1
Good_SNR_X Position vs Bad_SNR_Dominant Freq,0.0483593956304229,0.0142327787955423,0.0824860124653035,0.0122371936634096,0.0263686040984694,1
Good_SNR_X Position vs Bad_SNR_X Position,-0.0180359450028906,-0.0499445926914512,0.0138727026856701,0.223168579909095,0.288729561600689,0
Good_SNR_X Position vs Bad_SNR_Y Position,-0.0184819758471171,-0.05896953944588,0.0220055877516459,0.316184756818497,0.387934374711926,0
Good_SNR_X Position vs Bad_SNR_Z Position,0.0136836098074871,-0.0246364741967172,0.0520036938116914,0.426371391406864,0.505622579400705,0
Good_SNR_X Position vs Bad_SNR_Speed,0.032848822799552,0.00233560742636394,0.0633620381727401,0.0383478929048023,0.0664835751990866,0
Good_SNR_X Position vs Bad_SNR_tSNE-X,0.0346989610617339,-0.00352584530293576,0.0729237674264035,0.0689679303193487,0.103289998928978,0
Good_SNR_X Position vs Bad_SNR_tSNE-Y,0.0536958091415017,0.0228930800554943,0.0844985382275092,0.00444810510535461,0.0116307010541649,1
Good_SNR_X Position vs Bad_SNR_IR1,0.0589614758834621,-0.00363441445045018,0.121557366217374,0.0612115086753686,0.0952510793533784,0
Good_SNR_X Position vs Bad_SNR_IR2,0.103908038688147,0.0662027797257858,0.141613297650508,0.000329016792110611,0.00134559431645237,1
Good_SNR_X Position vs Bad_SNR_WP1,0.105808649978722,0.0651776615596444,0.146439638397799,0.000463979399557069,0.00187353706909753,1
Good_SNR_X Position vs Bad_SNR_WP2,0.104495168949654,0.0635357216969366,0.145454616202371,0.000524948216232479,0.00209323101222701,1
Good_SNR_X Position vs Bad_SNR_Shock,0.132217265060156,0.103236154174106,0.161198375946206,1.29497774020478e-05,0.000105922538237262,1
Good_SNR_X Position vs Bad_SNR_Sound,0.132217265060156,0.103236154174106,0.161198375946206,1.29497774020478e-05,0.000105922538237262,1
Good_SNR_Y Position vs Good_SNR_Z Position,0.011323908454602,-0.0378960669347106,0.0605438838439146,0.619347571721756,0.67661601157274,0
Good_SNR_Y Position vs Good_SNR_Speed,0.0621654440718405,0.0366747613384899,0.0876561268051912,0.000287318005923712,0.00123857356607654,1
Good_SNR_Y Position vs Good_SNR_tSNE-X,0.055177838307308,0.0249302715133309,0.0854254051012851,0.00226978654415365,0.00696213372677899,1
Good_SNR_Y Position vs Good_SNR_tSNE-Y,0.0633474096120337,0.0332561351485908,0.0934386840754766,0.00085362805358266,0.00302563721214298,1
Good_SNR_Y Position vs Good_SNR_IR1,0.0959076313470461,0.0441794128688833,0.147635849825209,0.00204053657207034,0.00644486303455878,1
Good_SNR_Y Position vs Good_SNR_IR2,0.10171308107929,0.0649509605204047,0.138475201638176,0.000106239274170508,0.000529536382193625,1
Good_SNR_Y Position vs Good_SNR_WP1,0.100055272781233,0.0668600880412711,0.133250457521195,5.25940554228986e-05,0.000323894490053247,1
Good_SNR_Y Position vs Good_SNR_WP2,0.123488966824255,0.0971705165296907,0.149807417118819,1.05596156244348e-06,1.29558360930565e-05,1
Good_SNR_Y Position vs Good_SNR_Shock,0.139847446550307,0.115333660521776,0.164361232578838,1.69691664195385e-07,4.16397237525599e-06,1
Good_SNR_Y Position vs Good_SNR_Sound,0.139847446550307,0.115333660521776,0.164361232578838,1.69691664195385e-07,4.16397237525599e-06,1
Good_SNR_Y Position vs Bad_SNR_Dominant Freq,0.0559895771205738,0.0138587381003445,0.0981204161408032,0.0163230895900144,0.0328497663290337,1
Good_SNR_Y Position vs Bad_SNR_X Position,-0.0104057635127396,-0.0507609790030131,0.0299494519775338,0.561303802512012,0.630478566906098,0
Good_SNR_Y Position vs Bad_SNR_Y Position,-0.0108517943569661,-0.0582820001979447,0.0365784114840124,0.605278531008126,0.668110212427655,0
Good_SNR_Y Position vs Bad_SNR_Z Position,0.021313791297638,-0.0242801826248333,0.0669077652201093,0.305529462942928,0.38071835421404,0
Good_SNR_Y Position vs Bad_SNR_Speed,0.040479004289703,0.00121785386890805,0.0797401547104979,0.0448922384255631,0.0757704976600775,0
Good_SNR_Y Position vs Bad_SNR_tSNE-X,0.0423291425518848,-0.0031847832463828,0.0878430683501524,0.0638098545202962,0.0978407094864709,0
Good_SNR_Y Position vs Bad_SNR_tSNE-Y,0.0613259906316527,0.0218394139365315,0.100812567326774,0.00793836858309274,0.0191843907424741,1
Good_SNR_Y Position vs Bad_SNR_IR1,0.066591657373613,-0.000703417532719408,0.133886732279945,0.0518520290251062,0.0848944538845633,0
Good_SNR_Y Position vs Bad_SNR_IR2,0.111538220178298,0.066459753330229,0.156616687026366,0.000630076696145931,0.00242162007313918,1
Good_SNR_Y Position vs Bad_SNR_WP1,0.113438831468872,0.0658861360682445,0.1609915268695,0.00078184617297716,0.00280234751887319,1
Good_SNR_Y Position vs Bad_SNR_WP2,0.112125350439805,0.0642917018313007,0.159958999048309,0.000866422659621585,0.0030372398727394,1
Good_SNR_Y Position vs Bad_SNR_Shock,0.139847446550307,0.101764820483513,0.177930072617101,5.38131911373733e-05,0.000323894490053247,1
Good_SNR_Y Position vs Bad_SNR_Sound,0.139847446550307,0.101764820483513,0.177930072617101,5.38131911373733e-05,0.000323894490053247,1
Good_SNR_Z Position vs Good_SNR_Speed,0.0508415356172385,0.00759191743821062,0.0940911537962664,0.0256302415775819,0.0475351573444688,1
Good_SNR_Z Position vs Good_SNR_tSNE-X,0.043853929852706,-0.00235937844020313,0.0900672381456151,0.0605936876021416,0.0947518938484469,0
Good_SNR_Z Position vs Good_SNR_tSNE-Y,0.0520235011574317,0.00591233802686634,0.0981346642879971,0.0307104215789913,0.0553481609248488,0
Good_SNR_Z Position vs Good_SNR_IR1,0.0845837228924441,0.0221612657688744,0.147006180016014,0.0129136601037211,0.0271016945597831,1
Good_SNR_Z Position vs Good_SNR_IR2,0.0903891726246882,0.0396722319203694,0.141106113329007,0.00263884935055256,0.00770591278038219,1
Good_SNR_Z Position vs Good_SNR_WP1,0.0887313643266311,0.0405372271693008,0.136925501483961,0.00213677297068602,0.00661777259853243,1
Good_SNR_Z Position vs Good_SNR_WP2,0.112165058369653,0.0684224545110941,0.155907662228212,0.000194688679177037,0.000900082444311231,1
Good_SNR_Z Position vs Good_SNR_Shock,0.128523538095705,0.0858423915334118,0.171204684657998,5.30177739994212e-05,0.000323894490053247,1
Good_SNR_Z Position vs Good_SNR_Sound,0.128523538095705,0.0858423915334118,0.171204684657998,5.30177739994212e-05,0.000323894490053247,1
Good_SNR_Z Position vs Bad_SNR_Dominant Freq,0.0446656686659718,-0.0240453324590604,0.113376669791004,0.168146105764377,0.226323239404373,0
Good_SNR_Z Position vs Bad_SNR_X Position,-0.0217296719673417,-0.089366477748825,0.0459071338141417,0.472248187686406,0.549807196613006,0
Good_SNR_Z Position vs Bad_SNR_Y Position,-0.0221757028115681,-0.0942577290398401,0.0499063234167038,0.490550102376956,0.564929540282487,0
Good_SNR_Z Position vs Bad_SNR_Z Position,0.00998988284303601,-0.0608973835529726,0.0808771492390446,0.748713592319202,0.793487162624005,0
Good_SNR_Z Position vs Bad_SNR_Speed,0.0291550958351009,-0.0378346945170115,0.0961448861872134,0.33766218085328,0.406468813932817,0
Good_SNR_Z Position vs Bad_SNR_tSNE-X,0.0310052340972828,-0.0398305726717934,0.101841040866359,0.335090900849377,0.4064410546424,0
Good_SNR_Z Position vs Bad_SNR_tSNE-Y,0.0500020821770507,-0.017120073763856,0.117124238117957,0.121534624443024,0.171546660165153,0
Good_SNR_Z Position vs Bad_SNR_IR1,0.055267748919011,-0.0311892992939865,0.141724797132009,0.174394062887899,0.233746664122856,0
Good_SNR_Z Position vs Bad_SNR_IR2,0.100214311723696,0.029657510120816,0.170771113326575,0.0121081544342222,0.0262755188062374,1
Good_SNR_Z Position vs Bad_SNR_WP1,0.10211492301427,0.0299522393133396,0.174277606715201,0.0123163699394104,0.0263686040984694,1
Good_SNR_Z Position vs Bad_SNR_WP2,0.100801441985203,0.02845331126811,0.173149572702296,0.013218719347436,0.0274654369920836,1
Good_SNR_Z Position vs Bad_SNR_Shock,0.128523538095705,0.0622175769217733,0.194829499269637,0.00253337617387319,0.00748666823237596,1
Good_SNR_Z Position vs Bad_SNR_Sound,0.128523538095705,0.0622175769217733,0.194829499269637,0.00253337617387319,0.00748666823237596,1
Good_SNR_Speed vs Good_SNR_tSNE-X,-0.00698760576453251,-0.0260359335720663,0.0120607220430013,0.432764628588671,0.511303394517726,0
Good_SNR_Speed vs Good_SNR_tSNE-Y,0.00118196554019319,-0.017617191199975,0.0199811222803614,0.891369979555336,0.918081637140337,0
Good_SNR_Speed vs Good_SNR_IR1,0.0337421872752056,-0.0123417804601327,0.0798261550105438,0.133853756045531,0.185649339906628,0
Good_SNR_Speed vs Good_SNR_IR2,0.0395476370074497,0.0112743810348315,0.0678208929800678,0.0109363032809943,0.0243963688576027,1
Good_SNR_Speed vs Good_SNR_WP1,0.0378898287093926,0.0144410806569406,0.0613385767618446,0.00484505719935749,0.0125656361511792,1
Good_SNR_Speed vs Good_SNR_WP2,0.0613235227524145,0.0494666968190286,0.0731803486858003,4.27087216476314e-07,7.33913532945794e-06,1
Good_SNR_Speed vs Good_SNR_Shock,0.0776820024784665,0.0706927821528686,0.0846712228040643,2.63368421623227e-10,2.10036316244524e-08,1
Good_SNR_Speed vs Good_SNR_Sound,0.0776820024784665,0.0706927821528686,0.0846712228040643,2.63368421623227e-10,2.10036316244524e-08,1
Good_SNR_Speed vs Bad_SNR_Dominant Freq,-0.00617586695126671,-0.0272142806330726,0.0148625467305392,0.509967336733465,0.583080933397761,0
Good_SNR_Speed vs Bad_SNR_X Position,-0.0725712075845802,-0.0897802363475501,-0.0553621788216102,2.17972925935101e-05,0.000168741613538841,1
Good_SNR_Speed vs Bad_SNR_Y Position,-0.0730172384288066,-0.103303071417449,-0.0427314054401647,0.00073462057383087,0.00269360877071319,1
Good_SNR_Speed vs Bad_SNR_Z Position,-0.0408516527742025,-0.068172299028296,-0.013531006520109,0.00952409572385847,0.0220158444631221,1
Good_SNR_Speed vs Bad_SNR_Speed,-0.0216864397821376,-0.0361448347851315,-0.00722804477914362,0.00938455843441239,0.0218516360626099,1
Good_SNR_Speed vs Bad_SNR_tSNE-X,-0.0198363015199557,-0.0470231493561527,0.00735054631624125,0.128124733823209,0.178479432705693,0
Good_SNR_Speed vs Bad_SNR_tSNE-Y,-0.000839453440187848,-0.0158992340759743,0.0142203271955986,0.898845084039295,0.921966500992074,0
Good_SNR_Speed vs Bad_SNR_IR1,0.00442621330177252,-0.0521090355289102,0.0609614621324553,0.858377380128809,0.895651965347931,0
Good_SNR_Speed vs Bad_SNR_IR2,0.0493727761064571,0.0229213975588136,0.0758241546541005,0.00310492656178655,0.00868834713342027,1
Good_SNR_Speed vs Bad_SNR_WP1,0.0512733873970319,0.0207960828317785,0.0817506919622853,0.00533670239976876,0.0137290973026309,1
Good_SNR_Speed vs Bad_SNR_WP2,0.0499599063679643,0.0190460713923395,0.0808737413435891,0.00652973370014838,0.0161471709329251,1
Good_SNR_Speed vs Bad_SNR_Shock,0.0776820024784665,0.0668241177009624,0.0885398872559705,6.17671094774695e-07,9.38271805872037e-06,1
Good_SNR_Speed vs Bad_SNR_Sound,0.0776820024784665,0.0668241177009624,0.0885398872559705,6.17671094774695e-07,9.38271805872037e-06,1
Good_SNR_tSNE-X vs Good_SNR_tSNE-Y,0.0081695713047257,-0.0167010677076755,0.033040210317127,0.481027379009771,0.557991759651334,0
Good_SNR_tSNE-X vs Good_SNR_IR1,0.0407297930397381,-0.00814630002195688,0.089605886101433,0.0930067773204731,0.135475625412013,0
Good_SNR_tSNE-X vs Good_SNR_IR2,0.0465352427719822,0.0139083000093366,0.0791621855346278,0.0098535958101022,0.0226136479382921,1
Good_SNR_tSNE-X vs Good_SNR_WP1,0.0448774344739251,0.0163295067738076,0.0734253621740427,0.00570129162325401,0.0144342224430002,1
Good_SNR_tSNE-X vs Good_SNR_WP2,0.068311128516947,0.0481685191537494,0.0884537378801446,1.9336409977628e-05,0.000154207869571583,1
Good_SNR_tSNE-X vs Good_SNR_Shock,0.084669608242999,0.0669498567914827,0.102389359694515,8.92493496340682e-07,1.18627260555282e-05,1
Good_SNR_tSNE-X vs Good_SNR_Sound,0.084669608242999,0.0669498567914827,0.102389359694515,8.92493496340682e-07,1.18627260555282e-05,1
Good_SNR_tSNE-X vs Bad_SNR_Dominant Freq,0.000811738813265808,-0.0320897824426195,0.0337132600691511,0.95510870624509,0.964176193962607,0
Good_SNR_tSNE-X vs Bad_SNR_X Position,-0.0655836018200476,-0.0961784693907596,-0.0349887342493357,0.00144896530379064,0.00481479095738764,1
Good_SNR_tSNE-X vs Bad_SNR_Y Position,-0.0660296326642741,-0.105490080336856,-0.026569184991692,0.0054843968246758,0.0139961806965726,1
Good_SNR_tSNE-X vs Bad_SNR_Z Position,-0.03386404700967,-0.0710972709158265,0.00336917689648657,0.0685474943850898,0.1031445788153,0
Good_SNR_tSNE-X vs Bad_SNR_Speed,-0.0146988340176051,-0.0438354164659169,0.0144377484307068,0.271766792926453,0.344022249775947,0
Good_SNR_tSNE-X vs Bad_SNR_tSNE-X,-0.0128486957554232,-0.0499838535708035,0.0242864620599571,0.440226016237153,0.516294482278132,0
Good_SNR_tSNE-X vs Bad_SNR_tSNE-Y,0.00614815232434467,-0.0232914849611703,0.0355877896098596,0.636545195148615,0.688331922889519,0
Good_SNR_tSNE-X vs Bad_SNR_IR1,0.011413819066305,-0.0505226775334534,0.0733503156660635,0.676133184121737,0.723780153472598,0
Good_SNR_tSNE-X vs Bad_SNR_IR2,0.0563603818709896,0.0197602360000315,0.0929605277419476,0.00827311029895675,0.0198430239501294,1
Good_SNR_tSNE-X vs Bad_SNR_WP1,0.0582609931615644,0.0186534011586682,0.0978685851644607,0.0102904628396963,0.0231173073652333,1
Good_SNR_tSNE-X vs Bad_SNR_WP2,0.0569475121324968,0.0170030451363678,0.0968919791286258,0.0119013309932726,0.0260035930606436,1
Good_SNR_tSNE-X vs Bad_SNR_Shock,0.084669608242999,0.0571416422348423,0.112197574251156,0.00016658415741542,0.000781475679639984,1
Good_SNR_tSNE-X vs Bad_SNR_Sound,0.084669608242999,0.0571416422348423,0.112197574251156,0.00016658415741542,0.000781475679639984,1
Good_SNR_tSNE-Y vs Good_SNR_IR1,0.0325602217350124,-0.0162193024001574,0.0813397458701821,0.167778019577111,0.226323239404373,0
Good_SNR_tSNE-Y vs Good_SNR_IR2,0.0383656714672565,0.00588357030499945,0.0708477726295135,0.0250876543607528,0.0468009458542699,1
Good_SNR_tSNE-Y vs Good_SNR_WP1,0.0367078631691994,0.00832558563815408,0.0650901407002448,0.0163368706003335,0.0328497663290337,1
Good_SNR_tSNE-Y vs Good_SNR_WP2,0.0601415572122213,0.0402344174418644,0.0800486969825781,5.1593329102636e-05,0.000323894490053247,1
Good_SNR_tSNE-Y vs Good_SNR_Shock,0.0765000369382733,0.0590484154267443,0.0939516584498022,1.97184183553346e-06,2.24649123405419e-05,1
Good_SNR_tSNE-Y vs Good_SNR_Sound,0.0765000369382733,0.0590484154267443,0.0939516584498022,1.97184183553346e-06,2.24649123405419e-05,1
Good_SNR_tSNE-Y vs Bad_SNR_Dominant Freq,-0.0073578324914599,-0.0399116393900452,0.0251959744071254,0.609574770993614,0.670532248092975,0
Good_SNR_tSNE-Y vs Bad_SNR_X Position,-0.0737531731247733,-0.103973797941416,-0.0435325483081302,0.000683632723823013,0.00253580045232025,1
Good_SNR_tSNE-Y vs Bad_SNR_Y Position,-0.0741992039689998,-0.113370203103047,-0.035028204834953,0.00286916814800816,0.00809968707269561,1
Good_SNR_tSNE-Y vs Bad_SNR_Z Position,-0.0420336183143957,-0.078959939618919,-0.00510729700987236,0.0310103763254404,0.0555747755495253,0
Good_SNR_tSNE-Y vs Bad_SNR_Speed,-0.0228684053223308,-0.0516117641971418,0.00587495355248034,0.101969318069608,0.147186481738484,0
Good_SNR_tSNE-Y vs Bad_SNR_tSNE-X,-0.0210182670601489,-0.0578457050461412,0.0158091709258434,0.219176285925539,0.285376470245906,0
Good_SNR_tSNE-Y vs Bad_SNR_tSNE-Y,-0.00202141898038104,-0.0310719350883883,0.0270290971276262,0.87395855186971,0.905171357293629,0
Good_SNR_tSNE-Y vs Bad_SNR_IR1,0.00324424776157933,-0.0585082408821247,0.0649967364052834,0.904626335212153,0.924922438886784,0
Good_SNR_tSNE-Y vs Bad_SNR_IR2,0.0481908105662639,0.0119029211206883,0.0844787000118394,0.0163733945025591,0.0328497663290337,1
Good_SNR_tSNE-Y vs Bad_SNR_WP1,0.0500914218568387,0.0107721951743771,0.0894106485393003,0.0195940467186565,0.0385054651627552,1
Good_SNR_tSNE-Y vs Bad_SNR_WP2,0.0487779408277711,0.0091193895904434,0.0884364920650988,0.0227134440729208,0.0428733056761049,1
Good_SNR_tSNE-Y vs Bad_SNR_Shock,0.0765000369382733,0.0493886158175512,0.103611458058995,0.000284620048852726,0.00123857356607654,1
Good_SNR_tSNE-Y vs Bad_SNR_Sound,0.0765000369382733,0.0493886158175512,0.103611458058995,0.000284620048852726,0.00123857356607654,1
Good_SNR_IR1 vs Good_SNR_IR2,0.00580544973224412,-0.0473491425811712,0.0589600420456594,0.812650993001301,0.852748903840181,0
Good_SNR_IR1 vs Good_SNR_WP1,0.00414764143418708,-0.0466054615836538,0.054900744452028,0.859152041995194,0.895651965347931,0
Good_SNR_IR1 vs Good_SNR_WP2,0.0275813354772089,-0.0189656085892581,0.074128279543676,0.216161711447573,0.282604860458098,0
Good_SNR_IR1 vs Good_SNR_Shock,0.0439398152032609,-0.00161106713146397,0.0894906975379858,0.0571287237334329,0.0910201366277088,0
Good_SNR_IR1 vs Good_SNR_Sound,0.0439398152032609,-0.00161106713146397,0.0894906975379858,0.0571287237334329,0.0910201366277088,0
Good_SNR_IR1 vs Bad_SNR_Dominant Freq,-0.0399180542264723,-0.112940557886223,0.0331044494332785,0.237167102894654,0.303840585636124,0
Good_SNR_IR1 vs Bad_SNR_X Position,-0.106313394859786,-0.178326045564063,-0.0343007441555085,0.0101159412547386,0.0229893846678218,1
Good_SNR_IR1 vs Bad_SNR_Y Position,-0.106759425704012,-0.182962462850227,-0.0305563885577972,0.0128917490555683,0.0271016945597831,1
Good_SNR_IR1 vs Bad_SNR_Z Position,-0.0745938400494081,-0.149667729666457,0.000480049567640736,0.0511247882194092,0.0848944538845633,0
Good_SNR_IR1 vs Bad_SNR_Speed,-0.0554286270573431,-0.12683392361547,0.0159766695007842,0.10905459974259,0.156001871380656,0
Good_SNR_IR1 vs Bad_SNR_tSNE-X,-0.0535784887951613,-0.128603790432409,0.0214468128420867,0.135135342407713,0.186615472848746,0
Good_SNR_IR1 vs Bad_SNR_tSNE-Y,-0.0345816407153934,-0.106111132418393,0.0369478509876064,0.290541631935859,0.364892836958815,0
Good_SNR_IR1 vs Bad_SNR_IR1,-0.029315973973433,-0.119237637385754,0.0606056894388878,0.465981099375647,0.544498061175207,0
Good_SNR_IR1 vs Bad_SNR_IR2,0.0156305888312515,-0.0591313441130099,0.090392521775513,0.636176562488433,0.688331922889519,0
Good_SNR_IR1 vs Bad_SNR_WP1,0.0175312001218264,-0.0587481370806869,0.0938105373243397,0.603681681229941,0.668110212427655,0
Good_SNR_IR1 vs Bad_SNR_WP2,0.0162177190927587,-0.0602370805171525,0.09267251870267,0.631344980715118,0.687368767399736,0
Good_SNR_IR1 vs Bad_SNR_Shock,0.0439398152032609,-0.0268243342817224,0.114703964688244,0.185476696531575,0.246529442473218,0
Good_SNR_IR1 vs Bad_SNR_Sound,0.0439398152032609,-0.0268243342817224,0.114703964688244,0.185476696531575,0.246529442473218,0
Good_SNR_IR2 vs Good_SNR_WP1,-0.00165780829805703,-0.0370346706094755,0.0337190540133615,0.918905617852042,0.934358596421574,0
Good_SNR_IR2 vs Good_SNR_WP2,0.0217758857449648,-0.00724588062078733,0.0507976521107169,0.125505964467087,0.176371817907493,0
Good_SNR_IR2 vs Good_SNR_Shock,0.0381343654710168,0.0107386029787364,0.0655301279632972,0.0112214583797149,0.0246872084353728,1
Good_SNR_IR2 vs Good_SNR_Sound,0.0381343654710168,0.0107386029787364,0.0655301279632972,0.0112214583797149,0.0246872084353728,1
Good_SNR_IR2 vs Bad_SNR_Dominant Freq,-0.0457235039587164,-0.0919410370214179,0.000494029103985154,0.0518947288636046,0.0848944538845633,0
Good_SNR_IR2 vs Bad_SNR_X Position,-0.11211884459203,-0.156723734269282,-0.0675139549147777,0.00057367085720935,0.00225927164752818,1
Good_SNR_IR2 vs Bad_SNR_Y Position,-0.112564875436256,-0.163659661784484,-0.0614700890880287,0.00124012856704715,0.00416422118829518,1
Good_SNR_IR2 vs Bad_SNR_Z Position,-0.0803992897816522,-0.129794261427523,-0.0310043181357809,0.006301779758292,0.0157052167413683,1
Good_SNR_IR2 vs Bad_SNR_Speed,-0.0612340767895872,-0.104851627135953,-0.0176165264432219,0.0127709258580986,0.0271016945597831,1
Good_SNR_IR2 vs Bad_SNR_tSNE-X,-0.0593839385274054,-0.108705031453492,-0.0100628456013191,0.0247921717831863,0.046521781169626,1
Good_SNR_IR2 vs Bad_SNR_tSNE-Y,-0.0403870904476375,-0.0842076621572024,0.00343348126192738,0.0657038878241577,0.0993343138194611,0
Good_SNR_IR2 vs Bad_SNR_IR1,-0.0351214237056771,-0.10504766965455,0.0348048222431962,0.273697557122274,0.345096919849824,0
Good_SNR_IR2 vs Bad_SNR_IR2,0.00982513909900741,-0.0390943962547328,0.0587446744527477,0.649305581708307,0.697402291464478,0
Good_SNR_IR2 vs Bad_SNR_WP1,0.0117257503895823,-0.0394827606776059,0.0629342614567704,0.604991884734226,0.668110212427655,0
Good_SNR_IR2 vs Bad_SNR_WP2,0.0104122693605146,-0.0410572430235684,0.0618817817445977,0.646971123649889,0.69724252852809,0
Good_SNR_IR2 vs Bad_SNR_Shock,0.0381343654710168,-0.00442546505022315,0.0806941959922567,0.0718544932413849,0.106612015553497,0
Good_SNR_IR2 vs Bad_SNR_Sound,0.0381343654710168,-0.00442546505022315,0.0806941959922567,0.0718544932413849,0.106612015553497,0
Good_SNR_WP1 vs Good_SNR_WP2,0.0234336940430218,-0.000912346803951303,0.047779734889995,0.0575825818664963,0.0910201366277088,0
Good_SNR_WP1 vs Good_SNR_Shock,0.0397921737690738,0.017409265457873,0.0621750820802746,0.00268136776997625,0.00770591278038219,1
Good_SNR_WP1 vs Good_SNR_Sound,0.0397921737690738,0.017409265457873,0.0621750820802746,0.00268136776997625,0.00770591278038219,1
Good_SNR_WP1 vs Bad_SNR_Dominant Freq,-0.0440656956606593,-0.0832298601732309,-0.00490153114808779,0.0324405223427282,0.0578129979180464,0
Good_SNR_WP1 vs Bad_SNR_X Position,-0.110461036293973,-0.14770842013077,-0.0732136524571756,0.000209211863589876,0.00095340834978815,1
Good_SNR_WP1 vs Bad_SNR_Y Position,-0.110907067138199,-0.155722785491662,-0.0660913487847367,0.000629436874978112,0.00242162007313918,1
Good_SNR_WP1 vs Bad_SNR_Z Position,-0.0787414814835951,-0.121609122466769,-0.0358738405004213,0.00338173484796165,0.0093806384043458,1
Good_SNR_WP1 vs Bad_SNR_Speed,-0.0595762684915302,-0.0956354159826117,-0.0235171210004487,0.00584754220570537,0.0146879209733859,1
Good_SNR_WP1 vs Bad_SNR_tSNE-X,-0.0577261302293483,-0.100508622290815,-0.0149436381678812,0.0152645136127447,0.0314153538223584,1
Good_SNR_WP1 vs Bad_SNR_tSNE-Y,-0.0387292821495805,-0.0750337436456415,-0.00242482065351943,0.0396618155838356,0.0683898333580732,0
Good_SNR_WP1 vs Bad_SNR_IR1,-0.0334636154076201,-0.0989422477396121,0.0320150169243719,0.266101316967288,0.338192510408625,0
Good_SNR_WP1 vs Bad_SNR_IR2,0.0114829473970644,-0.0308359887756668,0.0538018835697957,0.541548908115676,0.612603197478371,0
Good_SNR_WP1 vs Bad_SNR_WP1,0.0133835586876393,-0.0315617750555224,0.058328892430801,0.504098794281562,0.578444299913015,0
Good_SNR_WP1 vs Bad_SNR_WP2,0.0120700776585717,-0.0331724037568098,0.0573125590739531,0.548174512479164,0.617906959296301,0
Good_SNR_WP1 vs Bad_SNR_Shock,0.0397921737690738,0.00501990617602597,0.0745644413621217,0.030374495387094,0.055053772889108,0
Good_SNR_WP1 vs Bad_SNR_Sound,0.0397921737690738,0.00501990617602597,0.0745644413621217,0.030374495387094,0.055053772889108,0
Good_SNR_WP2 vs Good_SNR_Shock,0.016358479726052,0.00678063443314494,0.0259363250189591,0.00345427553546452,0.00941806748558276,1
Good_SNR_WP2 vs Good_SNR_Sound,0.016358479726052,0.00678063443314494,0.0259363250189591,0.00345427553546452,0.00941806748558276,1
Good_SNR_WP2 vs Bad_SNR_Dominant Freq,-0.0674993897036812,-0.0908685276296463,-0.044130251777716,0.000246413055685739,0.00110712344737677,1
Good_SNR_WP2 vs Bad_SNR_X Position,-0.133894730336995,-0.153886039151595,-0.113903421522394,9.70025218425205e-07,1.23775217871056e-05,1
Good_SNR_WP2 vs Bad_SNR_Y Position,-0.134340761181221,-0.166289680364378,-0.102391841998064,2.22167641649885e-05,0.000168741613538841,1
Good_SNR_WP2 vs Bad_SNR_Z Position,-0.102175175526617,-0.131328553871112,-0.0730217971821215,7.27077976761081e-05,0.00040690855190664,1
Good_SNR_WP2 vs Bad_SNR_Speed,-0.083009962534552,-0.100688959769084,-0.0653309653000201,1.06921730003421e-05,9.78435851971095e-05,1
Good_SNR_WP2 vs Bad_SNR_tSNE-X,-0.0811598242723702,-0.110187853010549,-0.0521317955341917,0.000301133625356604,0.00128082168651676,1
Good_SNR_WP2 vs Bad_SNR_tSNE-Y,-0.0621629761926023,-0.0803370992788476,-0.043988853106357,8.49945836622004e-05,0.00043950957202542,1
Good_SNR_WP2 vs Bad_SNR_IR1,-0.0568973094506419,-0.11434063906778,0.00054602016649636,0.0516813277990195,0.0848944538845633,0
Good_SNR_WP2 vs Bad_SNR_IR2,-0.0119507466459574,-0.0402911274519155,0.0163896341600007,0.351914192752132,0.422032434165151,0
Good_SNR_WP2 vs Bad_SNR_WP1,-0.0100501353553825,-0.0421806170000639,0.0220803462892988,0.48358301654327,0.558923848830808,0
Good_SNR_WP2 vs Bad_SNR_WP2,-0.0113636163844502,-0.0439084615992634,0.021181228830363,0.436233624173234,0.513500096351518,0
Good_SNR_WP2 vs Bad_SNR_Shock,0.016358479726052,0.00147911754222366,0.0312378419098803,0.0354414014143695,0.0624630223822314,0
Good_SNR_WP2 vs Bad_SNR_Sound,0.016358479726052,0.00147911754222366,0.0312378419098803,0.0354414014143695,0.0624630223822314,0
Good_SNR_Shock vs Good_SNR_Sound,0,0,0,NaN,NaN,0
Good_SNR_Shock vs Bad_SNR_Dominant Freq,-0.0838578694297332,-0.101877891305559,-0.0658378475539073,1.13486290040534e-05,9.78435851971095e-05,1
Good_SNR_Shock vs Bad_SNR_X Position,-0.150253210063047,-0.163604502477011,-0.136901917649083,2.71047519353455e-08,9.60712874152801e-07,1
Good_SNR_Shock vs Bad_SNR_Y Position,-0.150699240907273,-0.178971807433402,-0.122426674381145,4.57016640372444e-06,4.70284865415515e-05,1
Good_SNR_Shock vs Bad_SNR_Z Position,-0.118533655252669,-0.143604037178355,-0.0934632733269831,1.02096136728736e-05,9.78435851971095e-05,1
Good_SNR_Shock vs Bad_SNR_Speed,-0.099368442260604,-0.108915772998619,-0.089821111522589,4.6595868931947e-08,1.35128019902646e-06,1
Good_SNR_Shock vs Bad_SNR_tSNE-X,-0.0975183039984222,-0.122442810682146,-0.0725937973146988,3.56390754058375e-05,0.000247149240314395,1
Good_SNR_Shock vs Bad_SNR_tSNE-Y,-0.0785214559186543,-0.0889571317930983,-0.0680857800442103,4.37127182632291e-07,7.33913532945794e-06,1
Good_SNR_Shock vs Bad_SNR_IR1,-0.0732557891766939,-0.128738585595995,-0.0177729927573924,0.016794456164809,0.033275972152634,1
Good_SNR_Shock vs Bad_SNR_IR2,-0.0283092263720094,-0.0524293790504063,-0.00418907369361249,0.0274835179924039,0.0503864496527404,0
Good_SNR_Shock vs Bad_SNR_WP1,-0.0264086150814345,-0.0548861927825253,0.00206896261965625,0.0644092444895263,0.0978407094864709,0
Good_SNR_Shock vs Bad_SNR_WP2,-0.0277220961105022,-0.0566663793294491,0.00122218710844471,0.0579219051267238,0.0910201366277088,0
Good_SNR_Shock vs Bad_SNR_Shock,0,0,0,NaN,NaN,0
Good_SNR_Shock vs Bad_SNR_Sound,0,0,0,NaN,NaN,0
Good_SNR_Sound vs Bad_SNR_Dominant Freq,-0.0838578694297332,-0.101877891305559,-0.0658378475539073,1.13486290040534e-05,9.78435851971095e-05,1
Good_SNR_Sound vs Bad_SNR_X Position,-0.150253210063047,-0.163604502477011,-0.136901917649083,2.71047519353455e-08,9.60712874152801e-07,1
Good_SNR_Sound vs Bad_SNR_Y Position,-0.150699240907273,-0.178971807433402,-0.122426674381145,4.57016640372444e-06,4.70284865415515e-05,1
Good_SNR_Sound vs Bad_SNR_Z Position,-0.118533655252669,-0.143604037178355,-0.0934632733269831,1.02096136728736e-05,9.78435851971095e-05,1
Good_SNR_Sound vs Bad_SNR_Speed,-0.099368442260604,-0.108915772998619,-0.089821111522589,4.6595868931947e-08,1.35128019902646e-06,1
Good_SNR_Sound vs Bad_SNR_tSNE-X,-0.0975183039984222,-0.122442810682146,-0.0725937973146988,3.56390754058375e-05,0.000247149240314395,1
Good_SNR_Sound vs Bad_SNR_tSNE-Y,-0.0785214559186543,-0.0889571317930983,-0.0680857800442103,4.37127182632291e-07,7.33913532945794e-06,1
Good_SNR_Sound vs Bad_SNR_IR1,-0.0732557891766939,-0.128738585595995,-0.0177729927573924,0.016794456164809,0.033275972152634,1
Good_SNR_Sound vs Bad_SNR_IR2,-0.0283092263720094,-0.0524293790504063,-0.00418907369361249,0.0274835179924039,0.0503864496527404,0
Good_SNR_Sound vs Bad_SNR_WP1,-0.0264086150814345,-0.0548861927825253,0.00206896261965625,0.0644092444895263,0.0978407094864709,0
Good_SNR_Sound vs Bad_SNR_WP2,-0.0277220961105022,-0.0566663793294491,0.00122218710844471,0.0579219051267238,0.0910201366277088,0
Good_SNR_Sound vs Bad_SNR_Shock,0,0,0,NaN,NaN,0
Good_SNR_Sound vs Bad_SNR_Sound,0,0,0,NaN,NaN,0
Bad_SNR_Dominant Freq vs Bad_SNR_X Position,-0.0663953406333135,-0.106619773031863,-0.0261709082347639,0.0101614521572504,0.0229893846678218,1
Bad_SNR_Dominant Freq vs Bad_SNR_Y Position,-0.0668413714775399,-0.126973965349937,-0.0067087776051433,0.0367094995706211,0.0639908763007002,0
Bad_SNR_Dominant Freq vs Bad_SNR_Z Position,-0.0346757858229358,-0.090051286601172,0.0206997149553004,0.157096326002432,0.214161230746906,0
Bad_SNR_Dominant Freq vs Bad_SNR_Speed,-0.0155105728308709,-0.0520865179467103,0.0210653722849686,0.304310611557826,0.380686608184104,0
Bad_SNR_Dominant Freq vs Bad_SNR_tSNE-X,-0.013660434568689,-0.0688236972800928,0.0415028281427148,0.529529249009171,0.6011381865976,0
Bad_SNR_Dominant Freq vs Bad_SNR_tSNE-Y,0.00533641351107886,-0.0320120087397757,0.0426848357619334,0.711840323649546,0.75692354414735,0
Bad_SNR_Dominant Freq vs Bad_SNR_IR1,0.0106020802530392,-0.0940264845198708,0.115230645025949,0.792404414819515,0.834247552235727,0
Bad_SNR_Dominant Freq vs Bad_SNR_IR2,0.0555486430577238,0.00154787259942855,0.109549413516019,0.0461140109594375,0.0774229973476872,0
Bad_SNR_Dominant Freq vs Bad_SNR_WP1,0.0574492543482986,-0.00299373531310685,0.117892244009704,0.0576449677539457,0.0910201366277088,0
Bad_SNR_Dominant Freq vs Bad_SNR_WP2,0.056135773319231,-0.00501619850325514,0.117287745141717,0.0633929194875861,0.0976924701282124,0
Bad_SNR_Dominant Freq vs Bad_SNR_Shock,0.0838578694297332,0.0515379210617557,0.116177817797711,0.00196821688437374,0.00627861186115222,1
Bad_SNR_Dominant Freq vs Bad_SNR_Sound,0.0838578694297332,0.0515379210617557,0.116177817797711,0.00196821688437374,0.00627861186115222,1
Bad_SNR_X Position vs Bad_SNR_Y Position,-0.00044603084422648,-0.0565243304135842,0.0556322687251312,0.983439391459364,0.983439391459364,0
Bad_SNR_X Position vs Bad_SNR_Z Position,0.0317195548103777,-0.0192244627305316,0.0826635723512869,0.158921550873909,0.215727552037348,0
Bad_SNR_X Position vs Bad_SNR_Speed,0.0508847678024426,0.0214459057679663,0.0803236298369189,0.00865411432875299,0.0205151967735453,1
Bad_SNR_X Position vs Bad_SNR_tSNE-X,0.0527349060646245,0.00202166923502167,0.103448142894227,0.0446916992582094,0.0757704976600775,0
Bad_SNR_X Position vs Bad_SNR_tSNE-Y,0.0717317541443923,0.041338473943069,0.102125034345716,0.0028045848691097,0.00798805868969639,1
Bad_SNR_X Position vs Bad_SNR_IR1,0.0769974208863527,-0.0253548306922377,0.179349672464943,0.104989544986455,0.15086335518324,0
Bad_SNR_X Position vs Bad_SNR_IR2,0.121943983691037,0.0724977497914012,0.171390217590673,0.00238081068078219,0.00723312959209066,1
Bad_SNR_X Position vs Bad_SNR_WP1,0.123844594981612,0.067433586871698,0.180255603091526,0.00366414617837937,0.00990561551612728,1
Bad_SNR_X Position vs Bad_SNR_WP2,0.122531113952544,0.0653611000068914,0.179701127898198,0.00400168541712382,0.0105498979178719,1
Bad_SNR_X Position vs Bad_SNR_Shock,0.150253210063047,0.126306897209566,0.174199522916527,6.37344544718893e-05,0.000369659835936958,1
Bad_SNR_X Position vs Bad_SNR_Sound,0.150253210063047,0.126306897209566,0.174199522916527,6.37344544718893e-05,0.000369659835936958,1
Bad_SNR_Y Position vs Bad_SNR_Z Position,0.0321655856546041,-0.0356076893676757,0.099938860676884,0.258001296862379,0.329209654796396,0
Bad_SNR_Y Position vs Bad_SNR_Speed,0.0513307986466691,-0.00219088370657951,0.104852480999918,0.0562264562213502,0.0910201366277088,0
Bad_SNR_Y Position vs Bad_SNR_tSNE-X,0.0531809369088509,-0.0144190355302891,0.120780909347991,0.0942976286675035,0.13673156156788,0
Bad_SNR_Y Position vs Bad_SNR_tSNE-Y,0.0721777849886188,0.0181252608529851,0.126230309124253,0.0206999008356155,0.0400198082821899,1
Bad_SNR_Y Position vs Bad_SNR_IR1,0.0774434517305792,-0.0342431960266356,0.189130099487794,0.126514198210885,0.177008900128387,0
Bad_SNR_Y Position vs Bad_SNR_IR2,0.122390014535264,0.0557352777876429,0.189044751282885,0.00699209857473984,0.0171575341949385,1
Bad_SNR_Y Position vs Bad_SNR_WP1,0.124290625825839,0.0523175355766773,0.196263716075,0.00868197982579503,0.0205151967735453,1
Bad_SNR_Y Position vs Bad_SNR_WP2,0.122977144796771,0.0504076306838648,0.195546658909677,0.00927399424925376,0.0217529718052349,1
Bad_SNR_Y Position vs Bad_SNR_Shock,0.150699240907273,0.0999907624908005,0.201407719323746,0.00117679306209724,0.00399358496605341,1
Bad_SNR_Y Position vs Bad_SNR_Sound,0.150699240907273,0.0999907624908005,0.201407719323746,0.00117679306209724,0.00399358496605341,1
Bad_SNR_Z Position vs Bad_SNR_Speed,0.0191652129920649,-0.0289501454970899,0.0672805714812198,0.330802228475251,0.4027706522275,0
Bad_SNR_Z Position vs Bad_SNR_tSNE-X,0.0210153512542468,-0.0423902755811559,0.0844209780896495,0.409525895800797,0.487458062539009,0
Bad_SNR_Z Position vs Bad_SNR_tSNE-Y,0.0400121993340146,-0.00869296061902433,0.0887173592870536,0.0847022949629813,0.123945101344913,0
Bad_SNR_Z Position vs Bad_SNR_IR1,0.045277866075975,-0.0639211473255298,0.15447687947748,0.3137759707279,0.386984974636512,0
Bad_SNR_Z Position vs Bad_SNR_IR2,0.0902244288806596,0.027827544571325,0.152621313189994,0.0159346486380096,0.0325843135610581,1
Bad_SNR_Z Position vs Bad_SNR_WP1,0.0921250401712344,0.0240762124029932,0.160173867939476,0.0197959131244259,0.0385054651627552,1
Bad_SNR_Z Position vs Bad_SNR_WP2,0.0908115591421668,0.0221322200422517,0.159490898242082,0.0213692044951989,0.0410111227289112,1
Bad_SNR_Z Position vs Bad_SNR_Shock,0.118533655252669,0.0735684795726862,0.163498830932652,0.00185408282383659,0.00603522878371297,1
Bad_SNR_Z Position vs Bad_SNR_Sound,0.118533655252669,0.0735684795726862,0.163498830932652,0.00185408282383659,0.00603522878371297,1
Bad_SNR_Speed vs Bad_SNR_tSNE-X,0.00185013826218186,-0.0460208047937764,0.0497210813181401,0.919713477355405,0.934358596421574,0
Bad_SNR_Speed vs Bad_SNR_tSNE-Y,0.0208469863419497,-0.00452122764184451,0.0462152003257439,0.0846356158553203,0.123945101344913,0
Bad_SNR_Speed vs Bad_SNR_IR1,0.0261126530839101,-0.0748614931246045,0.127086799292425,0.512453535225699,0.58383099191785,0
Bad_SNR_Speed vs Bad_SNR_IR2,0.0710592158885946,0.0245326122495051,0.117585819527684,0.0132591764789369,0.0274654369920836,1
Bad_SNR_Speed vs Bad_SNR_WP1,0.0729598271791695,0.019089644004168,0.126830010354171,0.01976946014037,0.0385054651627552,1
Bad_SNR_Speed vs Bad_SNR_WP2,0.0716463461501018,0.0169818668799434,0.12631082542026,0.0219847588856704,0.0417448695507671,1
Bad_SNR_Speed vs Bad_SNR_Shock,0.099368442260604,0.082244754030314,0.116492130490894,8.67996960426377e-05,0.00043950957202542,1
Bad_SNR_Speed vs Bad_SNR_Sound,0.099368442260604,0.082244754030314,0.116492130490894,8.67996960426377e-05,0.00043950957202542,1
Bad_SNR_tSNE-X vs Bad_SNR_tSNE-Y,0.0189968480797679,-0.0294668710571084,0.0674605672166441,0.33763865313872,0.406468813932817,0
Bad_SNR_tSNE-X vs Bad_SNR_IR1,0.0242625148217282,-0.0848290246961873,0.133354054339644,0.570326620108459,0.638365585314381,0
Bad_SNR_tSNE-X vs Bad_SNR_IR2,0.0692090776264128,0.00700047180664384,0.131417683446182,0.0366139765900343,0.0639908763007002,0
Bad_SNR_tSNE-X vs Bad_SNR_WP1,0.0711096889169876,0.00323346018292589,0.138985917651049,0.0437346778962115,0.0746062152347137,0
Bad_SNR_tSNE-X vs Bad_SNR_WP2,0.06979620788792,0.00128787930133106,0.138304536474509,0.0474104562026736,0.0791829085269784,0
Bad_SNR_tSNE-X vs Bad_SNR_Shock,0.0975183039984222,0.0528147639768688,0.142221844019976,0.00375096053700364,0.00997130342753468,1
Bad_SNR_tSNE-X vs Bad_SNR_Sound,0.0975183039984222,0.0528147639768688,0.142221844019976,0.00375096053700364,0.00997130342753468,1
Bad_SNR_tSNE-Y vs Bad_SNR_IR1,0.00526566674196037,-0.0959908544606254,0.106522187944546,0.892179647377757,0.918081637140337,0
Bad_SNR_tSNE-Y vs Bad_SNR_IR2,0.0502122295466449,0.00307594066323617,0.0973485184300537,0.0416525159434628,0.0714363042256163,0
Bad_SNR_tSNE-Y vs Bad_SNR_WP1,0.0521128408372198,-0.00228478336475656,0.106510465039196,0.056400344987347,0.0910201366277088,0
Bad_SNR_tSNE-Y vs Bad_SNR_WP2,0.0507993598081521,-0.00438496928434305,0.105983688900647,0.0629155317863382,0.0974274497079704,0
Bad_SNR_tSNE-Y vs Bad_SNR_Shock,0.0785214559186543,0.0598044694593068,0.0972384423780018,0.000310556232184213,0.00128659010476317,1
Bad_SNR_tSNE-Y vs Bad_SNR_Sound,0.0785214559186543,0.0598044694593068,0.0972384423780018,0.000310556232184213,0.00128659010476317,1
Bad_SNR_IR1 vs Bad_SNR_IR2,0.0449465628046846,-0.0635617854986192,0.153454911107988,0.314197832071651,0.386984974636512,0
Bad_SNR_IR1 vs Bad_SNR_WP1,0.0468471740952594,-0.0650068979836343,0.158701246174153,0.309538583626709,0.384213261388795,0
Bad_SNR_IR1 vs Bad_SNR_WP2,0.0455336930661918,-0.0667050796427065,0.15777246577509,0.323012343205374,0.39479286391768,0
Bad_SNR_IR1 vs Bad_SNR_Shock,0.0732557891766939,-0.026255805644866,0.172767383998254,0.110454310981819,0.156599667569779,0
Bad_SNR_IR1 vs Bad_SNR_Sound,0.0732557891766939,-0.026255805644866,0.172767383998254,0.110454310981819,0.156599667569779,0
Bad_SNR_IR2 vs Bad_SNR_WP1,0.00190061129057485,-0.0650342830791095,0.0688355056602592,0.94094872419498,0.952897279422853,0
Bad_SNR_IR2 vs Bad_SNR_WP2,0.00058713026150721,-0.0669886697178506,0.068162930240865,0.981909899579323,0.983439391459364,0
Bad_SNR_IR2 vs Bad_SNR_Shock,0.0283092263720094,-0.01495165835751,0.0715701111015288,0.143399138429531,0.196327575789787,0
Bad_SNR_IR2 vs Bad_SNR_Sound,0.0283092263720094,-0.01495165835751,0.0715701111015288,0.143399138429531,0.196327575789787,0
Bad_SNR_WP1 vs Bad_SNR_WP2,-0.00131348102906764,-0.0741404027817372,0.0715134407236019,0.962463357733288,0.968535681756842,0
Bad_SNR_WP1 vs Bad_SNR_Shock,0.0264086150814345,-0.0246675626994061,0.0774847928622752,0.224466869206805,0.288729561600689,0
Bad_SNR_WP1 vs Bad_SNR_Sound,0.0264086150814345,-0.0246675626994061,0.0774847928622752,0.224466869206805,0.288729561600689,0
Bad_SNR_WP2 vs Bad_SNR_Shock,0.0277220961105022,-0.0241911449294234,0.0796353371504277,0.212309979792073,0.27871145495338,0
Bad_SNR_WP2 vs Bad_SNR_Sound,0.0277220961105022,-0.0241911449294234,0.0796353371504277,0.212309979792073,0.27871145495338,0
Bad_SNR_Shock vs Bad_SNR_Sound,0,0,0,NaN,NaN,0
